K,precision,recall
4,0.8222222221599538,0.6791666666666666
5,0.8066666666125,0.7291666666666666
6,0.8066666666125,0.7833333333333333
8,0.7279960317035227,0.7916666666666666
